ticker,date_clean,open,high,low,close,volume,daily_return,price_range,volume_change,price_vs_5day_avg,price_direction,daily_avg_sentiment,daily_article_count,positive_ratio,negative_ratio,sentiment_volatility,avg_confidence,sentiment_momentum,daily_avg_sentiment_lag1,daily_avg_sentiment_lag2,daily_avg_sentiment_lag3,sentiment_momentum_lag1,sentiment_momentum_lag2,sentiment_momentum_lag3,daily_return_lag1,daily_return_lag2,daily_return_lag3,volume_change_lag1,volume_change_lag2,volume_change_lag3,day_of_week,day_name,week_of_year,is_monday,is_friday,days_since_last_article
AAPL,2026-04-13,259.49093671136296,259.9405042051452,256.4237552437805,258.96142578125,36234700,,1.358,,0.0,0.0,0.0,0.0,0.0,0.0,0.0,0.0,0.0,,,,,,,,,,,,,0,Monday,16,1,0,
AAPL,2026-04-14,259.01136264890187,261.68888841493145,256.9532612999924,258.59173583984375,48370700,-0.1428,1.8313,33.4928,-0.0714,1.0,0.0,0.0,0.0,0.0,0.0,0.0,0.0,0.0,,,0.0,,,,,,,,,1,Tuesday,16,0,0,
AAPL,2026-04-15,257.92237663273806,266.3146386359468,257.57269269729437,266.18475341796875,49913500,2.9363,3.2842,3.1895,1.8905,0.0,0.0,0.0,0.0,0.0,0.0,0.0,0.0,0.0,0.0,,0.0,0.0,,-0.1428,,,33.4928,,,2,Wednesday,16,0,0,
AAPL,2026-04-16,266.55439590858066,266.91408037974617,261.0294875448873,263.15753173828125,43323100,-1.1373,2.2361,-13.2036,0.5478,1.0,0.0,0.0,0.0,0.0,0.0,0.0,0.0,0.0,0.0,0.0,0.0,0.0,0.0,2.9363,-0.1428,,3.1895,33.4928,,3,Thursday,16,0,0,
AAPL,2026-04-17,266.7142527536172,272.0493335842862,266.47448343207725,269.98126220703125,61436200,2.593,2.0649,41.8093,2.5082,1.0,0.0,0.0,0.0,0.0,0.0,0.0,0.0,0.0,0.0,0.0,0.0,0.0,0.0,-1.1373,2.9363,-0.1428,-13.2036,3.1895,33.4928,4,Friday,16,0,1,
AAPL,2026-04-20,270.08114756253855,274.0275237795767,270.04120633500696,272.79864501953125,36590200,1.0435,1.4613,-40.442,2.5009,0.0,0.0,0.0,0.0,0.0,0.0,0.0,0.0,0.0,0.0,0.0,0.0,0.0,0.0,2.593,-1.1373,2.9363,41.8093,-13.2036,3.1895,0,Monday,17,1,0,
AAPL,2026-04-21,271.250098918132,272.5488901425708,265.1557075406741,265.9250183105469,50209800,-2.5197,2.7802,37.222,-0.6294,1.0,0.0,0.0,0.0,0.0,0.0,0.0,0.0,0.0,0.0,0.0,0.0,0.0,0.0,1.0435,2.593,-1.1373,-40.442,41.8093,-13.2036,1,Tuesday,17,0,0,
AAPL,2026-04-22,267.5734973129919,273.48803128351057,266.62435952726383,272.9185791015625,43249200,2.6299,2.5149,-13.863,1.4732,1.0,0.0,0.0,0.0,0.0,0.0,0.0,0.0,0.0,0.0,0.0,0.0,0.0,0.0,-2.5197,1.0435,2.593,37.222,-40.442,41.8093,2,Wednesday,17,0,0,
AAPL,2026-04-23,274.79681820267325,275.5161566987003,271.39995382845746,273.1783142089844,33399600,0.0952,1.5068,-22.7741,0.8186,0.0,0.0,0.0,0.0,0.0,0.0,0.0,0.0,0.0,0.0,0.0,0.0,0.0,0.0,2.6299,-2.5197,1.0435,-13.863,37.222,-40.442,3,Thursday,17,0,0,
AAPL,2026-04-24,272.50893317942314,272.80864483253174,269.4017800912603,270.81048583984375,38157100,-0.8668,1.258,14.2442,-0.1164,0.0,0.0,0.0,0.0,0.0,0.0,0.0,0.0,0.0,0.0,0.0,0.0,0.0,0.0,0.0952,2.6299,-2.5197,-22.7741,-13.863,37.222,4,Friday,17,0,1,
AAPL,2026-04-27,265.84505761361925,268.1129570778125,264.8260075108844,267.3636474609375,41466800,-1.2728,1.2294,8.6739,-0.9908,1.0,0.0,0.0,0.0,0.0,0.0,0.0,0.0,0.0,0.0,0.0,0.0,0.0,0.0,-0.8668,0.0952,2.6299,14.2442,-22.7741,-13.863,0,Monday,18,1,0,
AAPL,2026-04-28,272.0893199684016,272.97851539952296,268.4127145556596,270.4608154296875,40018900,1.1584,1.6882,-3.4917,-0.1792,0.0,0.0,0.0,0.0,0.0,0.0,0.0,0.0,0.0,0.0,0.0,0.0,0.0,0.0,-1.2728,-0.8668,0.0952,8.6739,14.2442,-22.7741,1,Tuesday,18,0,0,
AAPL,2026-04-29,267.3037117460274,270.7905199823619,266.7942019267937,269.92132568359375,30047900,-0.1995,1.4805,-24.9157,-0.1574,1.0,0.0,0.0,0.0,0.0,0.0,0.0,0.0,0.0,0.0,0.0,0.0,0.0,0.0,1.1584,-1.2728,-0.8668,-3.4917,8.6739,14.2442,2,Wednesday,18,0,0,
AAPL,2026-04-30,270.25102650288807,275.7459641951834,267.893213328058,271.1002502441406,91848200,0.4368,2.8966,205.6726,0.4331,1.0,0.0,0.0,0.0,0.0,0.0,0.0,0.0,0.0,0.0,0.0,0.0,0.0,0.0,-0.1995,1.1584,-1.2728,-24.9157,-3.4917,8.6739,3,Thursday,18,0,0,
AAPL,2026-05-01,278.6032901046287,286.95561044034525,278.1137509144006,279.88214111328125,79915400,3.2394,3.1591,-12.9919,2.9942,0.0,0.0,0.0,0.0,0.0,0.0,0.0,0.0,0.0,0.0,0.0,0.0,0.0,0.0,0.4368,-0.1995,1.1584,205.6726,-24.9157,-3.4917,4,Friday,18,0,1,
AAPL,2026-05-04,279.4025768563376,280.3716851917065,274.60697695873915,276.5751647949219,46668400,-1.1816,2.0843,-41.6027,1.0919,1.0,0.0,0.0,0.0,0.0,0.0,0.0,0.0,0.0,0.0,0.0,0.0,0.0,0.0,3.2394,0.4368,-0.1995,-12.9919,205.6726,-24.9157,0,Monday,19,1,0,
AAPL,2026-05-05,276.6750995896243,284.30808218316156,276.2455026895375,283.9184265136719,49311700,2.6551,2.8398,5.664,2.7649,1.0,0.0,0.0,0.0,0.0,0.0,0.0,0.0,0.0,0.0,0.0,0.0,0.0,0.0,-1.1816,3.2394,0.4368,-41.6027,-12.9919,205.6726,1,Tuesday,19,0,0,
AAPL,2026-05-06,281.66051049385584,287.76487170009636,280.8112868075762,287.245361328125,58336100,1.1718,2.4208,18.3007,2.6814,0.0,0.0,0.0,0.0,0.0,0.0,0.0,0.0,0.0,0.0,0.0,0.0,0.0,0.0,2.6551,-1.1816,3.2394,5.664,-41.6027,-12.9919,2,Wednesday,19,0,0,
AAPL,2026-05-07,289.00371711581823,291.8611003514943,285.5169394038565,287.1754150390625,45224300,-0.0244,2.2092,-22.4763,1.49,1.0,0.0,0.0,0.0,0.0,0.0,0.0,0.0,0.0,0.0,0.0,0.0,0.0,0.0,1.1718,2.6551,-1.1816,18.3007,5.664,-41.6027,3,Thursday,19,0,0,
AAPL,2026-05-08,289.7430674686918,294.4886952888782,289.7330669166447,293.0500183105469,52692800,2.0456,1.6228,16.5144,2.6111,0.0,0.0,0.0,0.0,0.0,0.0,0.0,0.0,0.0,0.0,0.0,0.0,0.0,0.0,-0.0244,1.1718,2.6551,-22.4763,18.3007,5.664,4,Friday,19,0,1,
AAPL,2026-05-11,291.9800109863281,293.8800048828125,290.2300109863281,292.67999267578125,42247300,-0.1263,1.2471,-19.8234,1.3386,1.0,0.1615,5.0,0.4,0.2,0.7173,0.8813,0.0,0.0,0.0,0.0,0.0,0.0,0.0,2.0456,-0.0244,1.1718,16.5144,-22.4763,18.3007,0,Monday,20,1,0,0.0
AAPL,2026-05-12,292.55999755859375,295.2699890136719,292.55999755859375,294.79998779296875,45748100,0.7243,0.9193,8.2864,1.3093,1.0,0.0,0.0,0.0,0.0,0.0,0.0,0.0,0.1615,0.0,0.0,0.0,0.0,0.0,-0.1263,2.0456,-0.0244,-19.8234,16.5144,-22.4763,1,Tuesday,20,0,0,1.0
AAPL,2026-05-13,293.5,300.9200134277344,293.5,298.8699951171875,52684300,1.3806,2.4827,15.1617,1.8938,0.0,0.0,0.0,0.0,0.0,0.0,0.0,0.0,0.0,0.1615,0.0,0.0,0.0,0.0,0.7243,-0.1263,2.0456,8.2864,-19.8234,16.5144,2,Wednesday,20,0,0,2.0
AAPL,2026-05-14,299.82000732421875,300.45001220703125,295.3800048828125,298.2099914550781,35324900,-0.2208,1.7001,-32.9499,0.9096,1.0,0.0,0.0,0.0,0.0,0.0,0.0,0.0,0.0,0.0,0.1615,0.0,0.0,0.0,1.3806,0.7243,-0.1263,15.1617,8.2864,-19.8234,3,Thursday,20,0,0,3.0
AAPL,2026-05-15,297.8999938964844,303.20001220703125,296.5199890136719,300.2300109863281,54862800,0.6774,2.225,55.3091,1.1018,0.0,0.0,0.0,0.0,0.0,0.0,0.0,0.0,0.0,0.0,0.0,0.0,0.0,0.0,-0.2208,1.3806,0.7243,-32.9499,15.1617,8.2864,4,Friday,20,0,1,4.0
AAPL,2026-05-18,300.239990234375,300.6600036621094,294.9100036621094,297.8399963378906,34483000,-0.7961,1.9306,-37.1468,-0.0503,1.0,0.0,0.0,0.0,0.0,0.0,0.0,0.0,0.0,0.0,0.0,0.0,0.0,0.0,0.6774,-0.2208,1.3806,55.3091,-32.9499,15.1617,0,Monday,21,1,0,7.0
AAPL,2026-05-19,296.9700012207031,300.510009765625,296.3500061035156,298.9700012207031,42243600,0.3794,1.3914,22.5056,0.0489,1.0,0.0,0.0,0.0,0.0,0.0,0.0,0.0,0.0,0.0,0.0,0.0,0.0,0.0,-0.7961,0.6774,-0.2208,-37.1468,55.3091,-32.9499,1,Tuesday,21,0,0,8.0
AAPL,2026-05-20,298.17999267578125,302.79998779296875,298.0799865722656,302.25,38229800,1.0971,1.5616,-9.5016,0.9182,1.0,0.0,0.0,0.0,0.0,0.0,0.0,0.0,0.0,0.0,0.0,0.0,0.0,0.0,0.3794,-0.7961,0.6774,22.5056,-37.1468,55.3091,2,Wednesday,21,0,0,9.0
AAPL,2026-05-21,301.05999755859375,305.5400085449219,300.3999938964844,304.989990234375,42965100,0.9065,1.6853,12.3864,1.3741,1.0,0.0,0.0,0.0,0.0,0.0,0.0,0.0,0.0,0.0,0.0,0.0,0.0,0.0,1.0971,0.3794,-0.7961,-9.5016,22.5056,-37.1468,3,Thursday,21,0,0,10.0
AAPL,2026-05-22,306.1199951171875,311.3999938964844,305.8399963378906,308.82000732421875,43670200,1.2558,1.8004,1.6411,2.0643,0.0,0.0,0.0,0.0,0.0,0.0,0.0,0.0,0.0,0.0,0.0,0.0,0.0,0.0,0.9065,1.0971,0.3794,12.3864,-9.5016,22.5056,4,Friday,21,0,1,11.0
AAPL,2026-05-26,309.55999755859375,311.82000732421875,307.6700134277344,308.3299865722656,48000500,-0.1587,1.346,9.9159,1.2006,1.0,0.0,0.0,0.0,0.0,0.0,0.0,0.0,0.0,0.0,0.0,0.0,0.0,0.0,1.2558,0.9065,1.0971,1.6411,12.3864,-9.5016,1,Tuesday,22,0,0,15.0
AAPL,2026-05-27,308.3299865722656,313.260009765625,308.29998779296875,310.8500061035156,50430900,0.8173,1.5956,5.0633,1.2382,1.0,0.0,0.0,0.0,0.0,0.0,0.0,0.0,0.0,0.0,0.0,0.0,0.0,0.0,-0.1587,1.2558,0.9065,9.9159,1.6411,12.3864,2,Wednesday,22,0,0,16.0
AAPL,2026-05-28,310.67999267578125,312.79998779296875,309.57000732421875,312.510009765625,48220400,0.534,1.0336,-4.3832,1.1032,0.0,0.0,0.0,0.0,0.0,0.0,0.0,0.0,0.0,0.0,0.0,0.0,0.0,0.0,0.8173,-0.1587,1.2558,5.0633,9.9159,1.6411,3,Thursday,22,0,0,17.0
AAPL,2026-05-29,311.7799987792969,315.0,309.5299987792969,312.05999755859375,70026800,-0.144,1.7529,45.2224,0.4979,0.0,0.0,0.0,0.0,0.0,0.0,0.0,0.0,0.0,0.0,0.0,0.0,0.0,0.0,0.534,0.8173,-0.1587,-4.3832,5.0633,9.9159,4,Friday,22,0,1,18.0
AAPL,2026-06-01,309.6300048828125,310.94000244140625,305.0199890136719,306.30999755859375,48849900,-1.8426,1.9327,-30.2411,-1.1941,1.0,0.0,0.0,0.0,0.0,0.0,0.0,0.0,0.0,0.0,0.0,0.0,0.0,0.0,-0.144,0.534,0.8173,45.2224,-4.3832,5.0633,0,Monday,23,1,0,21.0
AAPL,2026-06-02,307.4599914550781,315.45001220703125,306.69000244140625,315.20001220703125,44534700,2.9023,2.7792,-8.8336,1.2248,0.0,0.0,0.0,0.0,0.0,0.0,0.0,0.0,0.0,0.0,0.0,0.0,0.0,0.0,-1.8426,-0.144,0.534,-30.2411,45.2224,-4.3832,1,Tuesday,23,0,0,22.0
AAPL,2026-06-03,314.17999267578125,316.94000244140625,308.8500061035156,310.260009765625,50836700,-1.5673,2.6075,14.1508,-0.3238,1.0,0.0,0.0,0.0,0.0,0.0,0.0,0.0,0.0,0.0,0.0,0.0,0.0,0.0,2.9023,-1.8426,-0.144,-8.8336,-30.2411,45.2224,2,Wednesday,23,0,0,23.0
AAPL,2026-06-04,313.2300109863281,313.5400085449219,309.6499938964844,311.2300109863281,44869100,0.3126,1.2499,-11.7388,0.0701,0.0,0.0,0.0,0.0,0.0,0.0,0.0,0.0,0.0,0.0,0.0,0.0,0.0,0.0,-1.5673,2.9023,-1.8426,14.1508,-8.8336,-30.2411,3,Thursday,23,0,0,24.0
AMZN,2026-04-13,237.4499969482422,240.0,235.75,239.88999938964844,42166200,,1.7716,,0.0,1.0,0.0,0.0,0.0,0.0,0.0,0.0,0.0,,,,,,,,,,,,,0,Monday,16,1,0,
AMZN,2026-04-14,241.77999877929688,252.17999267578125,241.77999877929688,249.02000427246094,72685000,3.8059,4.1764,72.3774,1.8674,0.0,0.0,0.0,0.0,0.0,0.0,0.0,0.0,0.0,,,0.0,,,,,,,,,1,Tuesday,16,0,0,
AMZN,2026-04-15,249.25,250.44000244140625,247.1999969482422,248.5,43045200,-0.2088,1.3038,-40.7784,1.0971,1.0,0.0,0.0,0.0,0.0,0.0,0.0,0.0,0.0,0.0,,0.0,0.0,,3.8059,,,72.3774,,,2,Wednesday,16,0,0,
AMZN,2026-04-16,248.50999450683594,250.0,244.1999969482422,249.6999969482422,41895700,0.4829,2.3228,-2.6704,1.1843,1.0,0.0,0.0,0.0,0.0,0.0,0.0,0.0,0.0,0.0,0.0,0.0,0.0,0.0,-0.2088,3.8059,,-40.7784,72.3774,,3,Thursday,16,0,0,
AMZN,2026-04-17,254.99000549316406,256.17999267578125,250.11000061035156,250.55999755859375,52029300,0.3444,2.4226,24.1877,1.2225,0.0,0.0,0.0,0.0,0.0,0.0,0.0,0.0,0.0,0.0,0.0,0.0,0.0,0.0,0.4829,-0.2088,3.8059,-2.6704,-40.7784,72.3774,4,Friday,16,0,1,
AMZN,2026-04-20,249.19000244140625,250.17999267578125,245.3699951171875,248.27999877929688,39463100,-0.91,1.9373,-24.1522,-0.374,1.0,0.0,0.0,0.0,0.0,0.0,0.0,0.0,0.0,0.0,0.0,0.0,0.0,0.0,0.3444,0.4829,-0.2088,24.1877,-2.6704,-40.7784,0,Monday,17,1,0,
AMZN,2026-04-21,255.08999633789062,255.08999633789062,249.10000610351562,249.91000366210938,42922400,0.6565,2.3969,8.7659,0.2085,1.0,0.0,0.0,0.0,0.0,0.0,0.0,0.0,0.0,0.0,0.0,0.0,0.0,0.0,-0.91,0.3444,0.4829,-24.1522,24.1877,-2.6704,1,Tuesday,17,0,0,
AMZN,2026-04-22,252.44000244140625,255.94000244140625,250.3300018310547,255.36000061035156,36065100,2.1808,2.1969,-15.976,1.8336,0.0,0.0,0.0,0.0,0.0,0.0,0.0,0.0,0.0,0.0,0.0,0.0,0.0,0.0,0.6565,-0.91,0.3444,8.7659,-24.1522,24.1877,2,Wednesday,17,0,0,
AMZN,2026-04-23,255.38999938964844,258.7900085449219,253.07000732421875,255.0800018310547,39091400,-0.1096,2.2424,8.3912,1.2873,1.0,0.0,0.0,0.0,0.0,0.0,0.0,0.0,0.0,0.0,0.0,0.0,0.0,0.0,2.1808,0.6565,-0.91,-15.976,8.7659,-24.1522,3,Thursday,17,0,0,
AMZN,2026-04-24,259.9800109863281,264.5,257.69000244140625,263.989990234375,53777400,3.493,2.5796,37.5684,3.7191,0.0,0.0,0.0,0.0,0.0,0.0,0.0,0.0,0.0,0.0,0.0,0.0,0.0,0.0,-0.1096,2.1808,0.6565,8.3912,-15.976,8.7659,4,Friday,17,0,1,
AMZN,2026-04-27,263.4599914550781,264.1499938964844,260.3399963378906,261.1199951171875,44906800,-1.0872,1.4591,-16.495,1.5668,0.0,0.0,0.0,0.0,0.0,0.0,0.0,0.0,0.0,0.0,0.0,0.0,0.0,0.0,3.493,-0.1096,2.1808,37.5684,8.3912,-15.976,0,Monday,18,1,0,
AMZN,2026-04-28,258.3900146484375,261.0299987792969,256.6300048828125,259.70001220703125,42204400,-0.5438,1.6943,-6.0178,0.2509,1.0,0.0,0.0,0.0,0.0,0.0,0.0,0.0,0.0,0.0,0.0,0.0,0.0,0.0,-1.0872,3.493,-0.1096,-16.495,37.5684,8.3912,1,Tuesday,18,0,0,
AMZN,2026-04-29,257.989990234375,265.9100036621094,257.70001220703125,263.0400085449219,72367900,1.2861,3.1212,71.47,0.9417,1.0,0.0,0.0,0.0,0.0,0.0,0.0,0.0,0.0,0.0,0.0,0.0,0.0,0.0,-0.5438,-1.0872,3.493,-6.0178,-16.495,37.5684,2,Wednesday,18,0,0,
AMZN,2026-04-30,273.1700134277344,273.8800048828125,256.1600036621094,265.05999755859375,100974900,0.7679,6.6853,39.53,0.9437,1.0,0.0,0.0,0.0,0.0,0.0,0.0,0.0,0.0,0.0,0.0,0.0,0.0,0.0,1.2861,-0.5438,-1.0872,71.47,-6.0178,-16.495,3,Thursday,18,0,0,
AMZN,2026-05-01,265.5799865722656,273.32000732421875,262.739990234375,268.260009765625,50825200,1.2073,3.9439,-49.6655,1.8312,1.0,0.0,0.0,0.0,0.0,0.0,0.0,0.0,0.0,0.0,0.0,0.0,0.0,0.0,0.7679,1.2861,-0.5438,39.53,71.47,-6.0178,4,Friday,18,0,1,
AMZN,2026-05-04,268.79998779296875,276.1000061035156,268.79998779296875,272.04998779296875,49083700,1.4128,2.6833,-3.4264,2.42,1.0,0.0,0.0,0.0,0.0,0.0,0.0,0.0,0.0,0.0,0.0,0.0,0.0,0.0,1.2073,0.7679,1.2861,-49.6655,39.53,71.47,0,Monday,19,1,0,
AMZN,2026-05-05,276.0799865722656,278.55999755859375,272.3800048828125,273.54998779296875,41908500,0.5514,2.2592,-14.6183,1.9218,1.0,0.0,0.0,0.0,0.0,0.0,0.0,0.0,0.0,0.0,0.0,0.0,0.0,0.0,1.4128,1.2073,0.7679,-3.4264,-49.6655,39.53,1,Tuesday,19,0,0,
AMZN,2026-05-06,272.8900146484375,277.79998779296875,272.2099914550781,274.989990234375,44552000,0.5264,2.0328,6.3078,1.554,0.0,0.0,0.0,0.0,0.0,0.0,0.0,0.0,0.0,0.0,0.0,0.0,0.0,0.0,0.5514,1.4128,1.2073,-14.6183,-3.4264,-49.6655,2,Wednesday,19,0,0,
AMZN,2026-05-07,275.0199890136719,276.6300048828125,270.489990234375,271.1700134277344,35892900,-1.3891,2.2643,-19.4359,-0.3066,1.0,0.0,0.0,0.0,0.0,0.0,0.0,0.0,0.0,0.0,0.0,0.0,0.0,0.0,0.5264,0.5514,1.4128,6.3078,-14.6183,-3.4264,3,Thursday,19,0,0,
AMZN,2026-05-08,271.6300048828125,274.0,269.95001220703125,272.67999267578125,34732700,0.5568,1.4853,-3.2324,-0.0762,0.0,0.0,0.0,0.0,0.0,0.0,0.0,0.0,0.0,0.0,0.0,0.0,0.0,0.0,-1.3891,0.5264,0.5514,-19.4359,6.3078,-14.6183,4,Friday,19,0,1,
AMZN,2026-05-11,269.8399963378906,273.6300048828125,268.4800109863281,268.989990234375,38176700,-1.3532,1.9146,9.9157,-1.2069,0.0,0.8297,1.0,1.0,0.0,0.0,0.8297,0.0,0.0,0.0,0.0,0.0,0.0,0.0,0.5568,-1.3891,0.5264,-3.2324,-19.4359,6.3078,0,Monday,20,1,0,0.0
AMZN,2026-05-12,266.7099914550781,267.6499938964844,262.6300048828125,265.82000732421875,36776200,-1.1785,1.8885,-3.6685,-1.8136,1.0,0.0,0.0,0.0,0.0,0.0,0.0,0.0,0.8297,0.0,0.0,0.0,0.0,0.0,-1.3532,0.5568,-1.3891,9.9157,-3.2324,-19.4359,1,Tuesday,20,0,0,1.0
AMZN,2026-05-13,264.42999267578125,270.7200012207031,263.20001220703125,270.1300048828125,39670900,1.6214,2.7838,7.8711,0.1379,0.0,0.0,0.0,0.0,0.0,0.0,0.0,0.0,0.0,0.8297,0.0,0.0,0.0,0.0,-1.1785,-1.3532,0.5568,-3.6685,9.9157,-3.2324,2,Wednesday,20,0,0,2.0
AMZN,2026-05-14,269.1499938964844,270.7799987792969,266.6300048828125,267.2200012207031,31338400,-1.0773,1.553,-21.0041,-0.6499,0.0,0.0,0.0,0.0,0.0,0.0,0.0,0.0,0.0,0.0,0.8297,0.0,0.0,0.0,1.6214,-1.1785,-1.3532,7.8711,-3.6685,9.9157,3,Thursday,20,0,0,3.0
AMZN,2026-05-15,262.5,264.3599853515625,260.8900146484375,264.1400146484375,40770300,-1.1526,1.3137,30.0969,-1.1674,1.0,0.0,0.0,0.0,0.0,0.0,0.0,0.0,0.0,0.0,0.0,0.0,0.0,0.0,-1.0773,1.6214,-1.1785,-21.0041,7.8711,-3.6685,4,Friday,20,0,1,4.0
AMZN,2026-05-18,263.8699951171875,268.8500061035156,262.5299987792969,264.8599853515625,33690800,0.2726,2.3862,-17.3644,-0.5908,0.0,0.0,0.0,0.0,0.0,0.0,0.0,0.0,0.0,0.0,0.0,0.0,0.0,0.0,-1.1526,-1.0773,1.6214,30.0969,-21.0041,7.8711,0,Monday,21,1,0,7.0
AMZN,2026-05-19,262.0400085449219,262.25,255.19000244140625,259.3399963378906,40340700,-2.0841,2.7223,19.738,-2.1868,1.0,0.0,0.0,0.0,0.0,0.0,0.0,0.0,0.0,0.0,0.0,0.0,0.0,0.0,0.2726,-1.1526,-1.0773,-17.3644,30.0969,-21.0041,1,Tuesday,21,0,0,8.0
AMZN,2026-05-20,260.04998779296875,265.5799865722656,259.5299987792969,265.010009765625,34933200,2.1863,2.2829,-13.4046,0.3393,1.0,0.0,0.0,0.0,0.0,0.0,0.0,0.0,0.0,0.0,0.0,0.0,0.0,0.0,-2.0841,0.2726,-1.1526,19.738,-17.3644,30.0969,2,Wednesday,21,0,0,9.0
AMZN,2026-05-21,263.5,269.489990234375,261.3699951171875,268.4599914550781,36591700,1.3018,3.0247,4.7476,1.5501,0.0,0.0,0.0,0.0,0.0,0.0,0.0,0.0,0.0,0.0,0.0,0.0,0.0,0.0,2.1863,-2.0841,0.2726,-13.4046,19.738,-17.3644,3,Thursday,21,0,0,10.0
AMZN,2026-05-22,268.6600036621094,269.7900085449219,266.239990234375,266.32000732421875,27535500,-0.7971,1.333,-24.7493,0.5748,0.0,0.0,0.0,0.0,0.0,0.0,0.0,0.0,0.0,0.0,0.0,0.0,0.0,0.0,1.3018,2.1863,-2.0841,4.7476,-13.4046,19.738,4,Friday,21,0,1,11.0
AMZN,2026-05-26,267.94000244140625,269.29998779296875,262.07000732421875,265.2900085449219,38028100,-0.3868,2.7253,38.1057,0.1533,1.0,0.0,0.0,0.0,0.0,0.0,0.0,0.0,0.0,0.0,0.0,0.0,0.0,0.0,-0.7971,1.3018,2.1863,-24.7493,4.7476,-13.4046,1,Tuesday,22,0,0,15.0
AMZN,2026-05-27,266.1499938964844,272.4100036621094,265.70001220703125,271.8500061035156,40061900,2.4728,2.4683,5.3482,1.6695,1.0,0.0,0.0,0.0,0.0,0.0,0.0,0.0,0.0,0.0,0.0,0.0,0.0,0.0,-0.3868,-0.7971,1.3018,38.1057,-24.7493,4.7476,2,Wednesday,22,0,0,16.0
AMZN,2026-05-28,272.2699890136719,274.5,267.44000244140625,274.0,40630400,0.7909,2.5766,1.4191,1.7891,0.0,0.0,0.0,0.0,0.0,0.0,0.0,0.0,0.0,0.0,0.0,0.0,0.0,0.0,2.4728,-0.3868,-0.7971,5.3482,38.1057,-24.7493,3,Thursday,22,0,0,17.0
AMZN,2026-05-29,271.2900085449219,274.75,269.6400146484375,270.6400146484375,54749600,-1.2263,1.8881,34.7503,0.3783,0.0,0.0,0.0,0.0,0.0,0.0,0.0,0.0,0.0,0.0,0.0,0.0,0.0,0.0,0.7909,2.4728,-0.3868,1.4191,5.3482,38.1057,4,Friday,22,0,1,18.0
AMZN,2026-06-01,266.2900085449219,266.6300048828125,260.70001220703125,261.260009765625,53604400,-3.4659,2.2698,-2.0917,-2.7356,0.0,0.0,0.0,0.0,0.0,0.0,0.0,0.0,0.0,0.0,0.0,0.0,0.0,0.0,-1.2263,0.7909,2.4728,34.7503,1.4191,5.3482,0,Monday,23,1,0,21.0
AMZN,2026-06-02,257.1600036621094,261.20001220703125,254.3699951171875,256.5199890136719,41811000,-1.8143,2.6626,-22.0008,-3.8725,0.0,0.0,0.0,0.0,0.0,0.0,0.0,0.0,0.0,0.0,0.0,0.0,0.0,0.0,-3.4659,-1.2263,0.7909,-2.0917,34.7503,1.4191,1,Tuesday,23,0,0,22.0
AMZN,2026-06-03,254.6999969482422,257.0899963378906,247.7100067138672,250.02000427246094,51394200,-2.5339,3.7517,22.9203,-4.7499,1.0,0.0,0.0,0.0,0.0,0.0,0.0,0.0,0.0,0.0,0.0,0.0,0.0,0.0,-1.8143,-3.4659,-1.2263,-22.0008,-2.0917,34.7503,2,Wednesday,23,0,0,23.0
AMZN,2026-06-04,253.1199951171875,255.8300018310547,251.75,253.7899932861328,35609800,1.5079,1.6076,-30.7124,-1.8015,0.0,0.0,0.0,0.0,0.0,0.0,0.0,0.0,0.0,0.0,0.0,0.0,0.0,0.0,-2.5339,-1.8143,-3.4659,22.9203,-22.0008,-2.0917,3,Thursday,23,0,0,24.0
GOOGL,2026-04-13,317.1400146484375,321.6300048828125,315.4700012207031,321.30999755859375,18866400,,1.9172,,0.0,1.0,0.0,0.0,0.0,0.0,0.0,0.0,0.0,,,,,,,,,,,,,0,Monday,16,1,0,
GOOGL,2026-04-14,324.7900085449219,333.2900085449219,323.75,332.9100036621094,27721400,3.6102,2.8656,46.9353,1.7731,1.0,0.0,0.0,0.0,0.0,0.0,0.0,0.0,0.0,,,0.0,,,,,,,,,1,Tuesday,16,0,0,
GOOGL,2026-04-15,332.8900146484375,337.4800109863281,330.8999938964844,337.1199951171875,24918800,1.2646,1.9518,-10.1099,2.0195,0.0,0.0,0.0,0.0,0.0,0.0,0.0,0.0,0.0,0.0,,0.0,0.0,,3.6102,,,46.9353,,,2,Wednesday,16,0,0,
GOOGL,2026-04-16,338.75,339.8800048828125,334.5199890136719,336.0199890136719,20541500,-0.3263,1.5951,-17.5663,1.2596,1.0,0.0,0.0,0.0,0.0,0.0,0.0,0.0,0.0,0.0,0.0,0.0,0.0,0.0,1.2646,3.6102,,-10.1099,46.9353,,3,Thursday,16,0,0,
GOOGL,2026-04-17,337.6499938964844,342.32000732421875,336.239990234375,341.67999267578125,25581900,1.6844,1.7794,24.5376,2.3582,0.0,0.0,0.0,0.0,0.0,0.0,0.0,0.0,0.0,0.0,0.0,0.0,0.0,0.0,-0.3263,1.2646,3.6102,-17.5663,-10.1099,46.9353,4,Friday,16,0,1,
GOOGL,2026-04-20,340.760009765625,341.3999938964844,336.6099853515625,337.4200134277344,18784200,-1.2468,1.4196,-26.5723,0.1157,0.0,0.0,0.0,0.0,0.0,0.0,0.0,0.0,0.0,0.0,0.0,0.0,0.0,0.0,1.6844,-0.3263,1.2646,24.5376,-17.5663,-10.1099,0,Monday,17,1,0,
GOOGL,2026-04-21,337.69000244140625,339.3399963378906,331.3500061035156,332.2900085449219,23123800,-1.5204,2.4045,23.1024,-1.3701,1.0,0.0,0.0,0.0,0.0,0.0,0.0,0.0,0.0,0.0,0.0,0.0,0.0,0.0,-1.2468,1.6844,-0.3263,-26.5723,24.5376,-17.5663,1,Tuesday,17,0,0,
GOOGL,2026-04-22,337.0199890136719,339.82000732421875,335.1700134277344,339.32000732421875,20293000,2.1156,1.3704,-12.2419,0.5852,0.0,0.0,0.0,0.0,0.0,0.0,0.0,0.0,0.0,0.0,0.0,0.0,0.0,0.0,-1.5204,-1.2468,1.6844,23.1024,-26.5723,24.5376,2,Wednesday,17,0,0,
GOOGL,2026-04-23,341.17999267578125,341.9599914550781,336.17999267578125,338.8900146484375,18650300,-0.1267,1.7056,-8.0949,0.2871,1.0,0.0,0.0,0.0,0.0,0.0,0.0,0.0,0.0,0.0,0.0,0.0,0.0,0.0,2.1156,-1.5204,-1.2468,-12.2419,23.1024,-26.5723,3,Thursday,17,0,0,
GOOGL,2026-04-24,338.7300109863281,345.2699890136719,335.3900146484375,344.3999938964844,26426100,1.6259,2.8687,41.6926,1.7538,1.0,0.0,0.0,0.0,0.0,0.0,0.0,0.0,0.0,0.0,0.0,0.0,0.0,0.0,-0.1267,2.1156,-1.5204,-8.0949,-12.2419,23.1024,4,Friday,17,0,1,
GOOGL,2026-04-27,345.9800109863281,353.17999267578125,342.7300109863281,350.3399963378906,28576900,1.7247,2.9828,8.1389,2.7245,0.0,0.0,0.0,0.0,0.0,0.0,0.0,0.0,0.0,0.0,0.0,0.0,0.0,0.0,1.6259,-0.1267,2.1156,41.6926,-8.0949,-12.2419,0,Monday,18,1,0,
GOOGL,2026-04-28,348.54998779296875,352.4200134277344,346.1199951171875,349.7799987792969,27824100,-0.1598,1.8011,-2.6343,1.5191,1.0,0.0,0.0,0.0,0.0,0.0,0.0,0.0,0.0,0.0,0.0,0.0,0.0,0.0,1.7247,1.6259,-0.1267,8.1389,41.6926,-8.0949,1,Tuesday,18,0,0,
GOOGL,2026-04-29,347.57000732421875,355.7900085449219,344.2099914550781,349.94000244140625,35376300,0.0457,3.3091,27.1427,0.9433,1.0,0.0,0.0,0.0,0.0,0.0,0.0,0.0,0.0,0.0,0.0,0.0,0.0,0.0,-0.1598,1.7247,1.6259,-2.6343,8.1389,41.6926,2,Wednesday,18,0,0,
GOOGL,2026-04-30,374.07000732421875,385.8399963378906,365.82000732421875,384.79998779296875,72040000,9.9617,5.2027,103.6392,8.1348,1.0,0.0,0.0,0.0,0.0,0.0,0.0,0.0,0.0,0.0,0.0,0.0,0.0,0.0,0.0457,-0.1598,1.7247,27.1427,-2.6343,8.1389,3,Thursday,18,0,0,
GOOGL,2026-05-01,381.6300048828125,386.760009765625,379.04998779296875,385.69000244140625,30105200,0.2313,1.999,-58.2104,5.9268,0.0,0.0,0.0,0.0,0.0,0.0,0.0,0.0,0.0,0.0,0.0,0.0,0.0,0.0,9.9617,0.0457,-0.1598,103.6392,27.1427,-2.6343,4,Friday,18,0,1,
GOOGL,2026-05-04,385.6300048828125,387.3800048828125,379.7900085449219,383.25,26298600,-0.6326,1.9804,-12.6443,3.3877,1.0,0.0,0.0,0.0,0.0,0.0,0.0,0.0,0.0,0.0,0.0,0.0,0.0,0.0,0.2313,9.9617,0.0457,-58.2104,103.6392,27.1427,0,Monday,19,1,0,
GOOGL,2026-05-05,386.2300109863281,392.82000732421875,384.0199890136719,388.42999267578125,23878600,1.3516,2.2655,-9.202,2.6447,1.0,0.0,0.0,0.0,0.0,0.0,0.0,0.0,0.0,0.0,0.0,0.0,0.0,0.0,-0.6326,0.2313,9.9617,-12.6443,-58.2104,103.6392,1,Tuesday,19,0,0,
GOOGL,2026-05-06,394.25,399.8500061035156,392.760009765625,398.0400085449219,31308500,2.4741,1.7812,31.1153,2.5765,0.0,0.0,0.0,0.0,0.0,0.0,0.0,0.0,0.0,0.0,0.0,0.0,0.0,0.0,1.3516,-0.6326,0.2313,-9.202,-12.6443,-58.2104,2,Wednesday,19,0,0,
GOOGL,2026-05-07,399.9200134277344,400.1000061035156,392.67999267578125,397.989990234375,24433500,-0.0126,1.8644,-21.9589,1.8711,1.0,0.0,0.0,0.0,0.0,0.0,0.0,0.0,0.0,0.0,0.0,0.0,0.0,0.0,2.4741,1.3516,-0.6326,31.1153,-9.202,-12.6443,3,Thursday,19,0,0,
GOOGL,2026-05-08,397.0,402.0,396.3599853515625,400.79998779296875,21461800,0.706,1.4072,-12.1624,1.8029,0.0,0.0,0.0,0.0,0.0,0.0,0.0,0.0,0.0,0.0,0.0,0.0,0.0,0.0,-0.0126,2.4741,1.3516,-21.9589,31.1153,-9.202,4,Friday,19,0,1,
GOOGL,2026-05-11,393.6499938964844,397.44000244140625,388.4700012207031,388.6400146484375,30753700,-3.0339,2.308,43.2951,-1.5553,0.0,0.5322,4.0,0.75,0.0,0.393,0.7261,0.0,0.0,0.0,0.0,0.0,0.0,0.0,0.706,-0.0126,2.4741,-12.1624,-21.9589,31.1153,0,Monday,20,1,0,0.0
GOOGL,2026-05-12,387.3399963378906,388.5199890136719,382.7699890136719,387.3500061035156,26017500,-0.3319,1.4844,-15.4004,-1.8283,1.0,0.0,0.0,0.0,0.0,0.0,0.0,0.0,0.5322,0.0,0.0,0.0,0.0,0.0,-3.0339,0.706,-0.0126,43.2951,-12.1624,-21.9589,1,Tuesday,20,0,0,1.0
GOOGL,2026-05-13,385.6000061035156,403.70001220703125,385.0,402.6199951171875,28144600,3.9422,4.6446,8.1757,1.8054,0.0,0.0,0.0,0.0,0.0,0.0,0.0,0.0,0.0,0.5322,0.0,0.0,0.0,0.0,-0.3319,-3.0339,0.706,-15.4004,43.2951,-12.1624,2,Wednesday,20,0,0,2.0
GOOGL,2026-05-14,397.2799987792969,402.92999267578125,395.8399963378906,401.07000732421875,21136700,-0.385,1.7678,-24.8996,1.2558,0.0,0.0,0.0,0.0,0.0,0.0,0.0,0.0,0.0,0.0,0.5322,0.0,0.0,0.0,3.9422,-0.3319,-3.0339,8.1757,-15.4004,43.2951,3,Thursday,20,0,0,3.0
GOOGL,2026-05-15,396.32000732421875,399.5400085449219,393.17999267578125,396.7799987792969,20309700,-1.0696,1.6029,-3.9126,0.3764,1.0,0.0,0.0,0.0,0.0,0.0,0.0,0.0,0.0,0.0,0.0,0.0,0.0,0.0,-0.385,3.9422,-0.3319,-24.8996,8.1757,-15.4004,4,Friday,20,0,1,4.0
GOOGL,2026-05-18,395.69000244140625,408.6099853515625,394.5299987792969,396.94000244140625,26837200,0.0403,3.5471,32.1398,-0.003,0.0,0.0,0.0,0.0,0.0,0.0,0.0,0.0,0.0,0.0,0.0,0.0,0.0,0.0,-1.0696,-0.385,3.9422,-3.9126,-24.8996,8.1757,0,Monday,21,1,0,7.0
GOOGL,2026-05-19,396.9599914550781,397.1499938964844,386.1099853515625,387.6600036621094,39545700,-2.3379,2.8479,47.354,-2.3561,1.0,0.0,0.0,0.0,0.0,0.0,0.0,0.0,0.0,0.0,0.0,0.0,0.0,0.0,0.0403,-1.0696,-0.385,32.1398,-3.9126,-24.8996,1,Tuesday,21,0,0,8.0
GOOGL,2026-05-20,387.70001220703125,393.8599853515625,382.8999938964844,388.9100036621094,31744400,0.3224,2.8181,-19.7273,-1.36,0.0,0.0,0.0,0.0,0.0,0.0,0.0,0.0,0.0,0.0,0.0,0.0,0.0,0.0,-2.3379,0.0403,-1.0696,47.354,32.1398,-3.9126,2,Wednesday,21,0,0,9.0
GOOGL,2026-05-21,385.70001220703125,392.5,383.0199890136719,387.6600036621094,24852800,-0.3214,2.4454,-21.7097,-1.0036,0.0,0.0,0.0,0.0,0.0,0.0,0.0,0.0,0.0,0.0,0.0,0.0,0.0,0.0,0.3224,-2.3379,0.0403,-19.7273,47.354,32.1398,3,Thursday,21,0,0,10.0
GOOGL,2026-05-22,387.3500061035156,388.739990234375,381.7699890136719,382.9700012207031,20442100,-1.2098,1.82,-17.7473,-1.5066,1.0,0.0,0.0,0.0,0.0,0.0,0.0,0.0,0.0,0.0,0.0,0.0,0.0,0.0,-0.3214,0.3224,-2.3379,-21.7097,-19.7273,47.354,4,Friday,21,0,1,11.0
GOOGL,2026-05-26,384.510009765625,389.260009765625,382.6000061035156,388.8800048828125,27747400,1.5432,1.7126,35.7365,0.4297,0.0,0.0,0.0,0.0,0.0,0.0,0.0,0.0,0.0,0.0,0.0,0.0,0.0,0.0,-1.2098,-0.3214,0.3224,-17.7473,-21.7097,-19.7273,1,Tuesday,22,0,0,15.0
GOOGL,2026-05-27,386.6700134277344,393.8800048828125,385.8999938964844,388.8299865722656,23087300,-0.0129,2.0523,-16.7947,0.3562,1.0,0.0,0.0,0.0,0.0,0.0,0.0,0.0,0.0,0.0,0.0,0.0,0.0,0.0,1.5432,-1.2098,-0.3214,35.7365,-17.7473,-21.7097,2,Wednesday,22,0,0,16.0
GOOGL,2026-05-28,388.0,391.8699951171875,385.1600036621094,390.1300048828125,24357500,0.3343,1.7199,5.5017,0.6283,0.0,0.0,0.0,0.0,0.0,0.0,0.0,0.0,0.0,0.0,0.0,0.0,0.0,0.0,-0.0129,1.5432,-1.2098,-16.7947,35.7365,-17.7473,3,Thursday,22,0,0,17.0
GOOGL,2026-05-29,385.239990234375,385.239990234375,378.4599914550781,380.3399963378906,44415800,-2.5094,1.7826,82.3496,-1.525,0.0,0.0,0.0,0.0,0.0,0.0,0.0,0.0,0.0,0.0,0.0,0.0,0.0,0.0,0.3343,-0.0129,1.5432,5.5017,-16.7947,35.7365,4,Friday,22,0,1,18.0
GOOGL,2026-06-01,376.5199890136719,378.55999755859375,373.5199890136719,376.3699951171875,28672100,-1.0438,1.3391,-35.4462,-2.2187,0.0,0.0,0.0,0.0,0.0,0.0,0.0,0.0,0.0,0.0,0.0,0.0,0.0,0.0,-2.5094,0.3343,-0.0129,82.3496,5.5017,-16.7947,0,Monday,23,1,0,21.0
GOOGL,2026-06-02,366.5899963378906,373.5400085449219,358.44000244140625,361.8500061035156,50412300,-3.8579,4.173,75.8235,-4.6519,0.0,0.0,0.0,0.0,0.0,0.0,0.0,0.0,0.0,0.0,0.0,0.0,0.0,0.0,-1.0438,-2.5094,0.3343,-35.4462,82.3496,5.5017,1,Tuesday,23,0,0,22.0
GOOGL,2026-06-03,362.0299987792969,366.45001220703125,358.0799865722656,358.989990234375,55441600,-0.7904,2.3315,9.9763,-3.8941,1.0,0.0,0.0,0.0,0.0,0.0,0.0,0.0,0.0,0.0,0.0,0.0,0.0,0.0,-3.8579,-1.0438,-2.5094,75.8235,-35.4462,82.3496,2,Wednesday,23,0,0,23.0
GOOGL,2026-06-04,358.8999938964844,373.25,358.2099914550781,372.19000244140625,44055500,3.677,4.0409,-20.5371,0.606,0.0,0.0,0.0,0.0,0.0,0.0,0.0,0.0,0.0,0.0,0.0,0.0,0.0,0.0,-0.7904,-3.8579,-1.0438,9.9763,75.8235,-35.4462,3,Thursday,23,0,0,24.0
META,2026-04-13,629.5,635.0,624.4000244140625,634.530029296875,9538900,,1.6705,,0.0,1.0,0.0,0.0,0.0,0.0,0.0,0.0,0.0,,,,,,,,,,,,,0,Monday,16,1,0,
META,2026-04-14,643.219970703125,666.260009765625,639.3699951171875,662.489990234375,17818000,4.4064,4.0589,86.793,2.1557,1.0,0.0,0.0,0.0,0.0,0.0,0.0,0.0,0.0,,,0.0,,,,,,,,,1,Tuesday,16,0,0,
META,2026-04-15,667.0,678.5,664.219970703125,671.5800170898438,14952600,1.3721,2.1263,-16.0815,2.3438,1.0,0.0,0.0,0.0,0.0,0.0,0.0,0.0,0.0,0.0,,0.0,0.0,,4.4064,,,86.793,,,2,Wednesday,16,0,0,
META,2026-04-16,675.989990234375,677.5800170898438,667.75,676.8699951171875,9544800,0.7877,1.4523,-36.1663,2.344,1.0,0.0,0.0,0.0,0.0,0.0,0.0,0.0,0.0,0.0,0.0,0.0,0.0,0.0,1.3721,4.4064,,-16.0815,86.793,,3,Thursday,16,0,0,
META,2026-04-17,678.5999755859375,691.52001953125,675.1300048828125,688.5499877929688,16283500,1.7256,2.3804,70.6007,3.2612,0.0,0.0,0.0,0.0,0.0,0.0,0.0,0.0,0.0,0.0,0.0,0.0,0.0,0.0,0.7877,1.3721,4.4064,-36.1663,-16.0815,86.793,4,Friday,16,0,1,
META,2026-04-20,681.3599853515625,683.3800048828125,668.0,670.9099731445312,12534000,-2.5619,2.2924,-23.0264,-0.4703,0.0,0.0,0.0,0.0,0.0,0.0,0.0,0.0,0.0,0.0,0.0,0.0,0.0,0.0,1.7256,0.7877,1.3721,70.6007,-36.1663,-16.0815,0,Monday,17,1,0,
META,2026-04-21,671.0,676.2000122070312,667.3300170898438,668.8400268554688,8660100,-0.3085,1.3262,-30.9071,-0.9639,1.0,0.0,0.0,0.0,0.0,0.0,0.0,0.0,0.0,0.0,0.0,0.0,0.0,0.0,-2.5619,1.7256,0.7877,-23.0264,70.6007,-36.1663,1,Tuesday,17,0,0,
META,2026-04-22,674.3599853515625,678.3800048828125,669.75,674.719970703125,9215600,0.8791,1.279,6.4145,-0.1861,0.0,0.0,0.0,0.0,0.0,0.0,0.0,0.0,0.0,0.0,0.0,0.0,0.0,0.0,-0.3085,-2.5619,1.7256,-30.9071,-23.0264,70.6007,2,Wednesday,17,0,0,
META,2026-04-23,663.7000122070312,669.5599975585938,653.0499877929688,659.1500244140625,11667000,-2.3076,2.5047,26.6005,-1.9755,1.0,0.0,0.0,0.0,0.0,0.0,0.0,0.0,0.0,0.0,0.0,0.0,0.0,0.0,0.8791,-0.3085,-2.5619,6.4145,-30.9071,-23.0264,3,Thursday,17,0,0,
META,2026-04-24,660.3200073242188,680.6699829101562,653.8400268554688,675.030029296875,13348300,2.4092,3.9746,14.4107,0.7914,1.0,0.0,0.0,0.0,0.0,0.0,0.0,0.0,0.0,0.0,0.0,0.0,0.0,0.0,-2.3076,0.8791,-0.3085,26.6005,6.4145,-30.9071,4,Friday,17,0,1,
META,2026-04-27,671.0,682.5,670.8400268554688,678.6199951171875,12805200,0.5318,1.7182,-4.0687,1.0946,0.0,0.0,0.0,0.0,0.0,0.0,0.0,0.0,0.0,0.0,0.0,0.0,0.0,0.0,2.4092,-2.3076,0.8791,14.4107,26.6005,6.4145,0,Monday,18,1,0,
META,2026-04-28,674.239990234375,678.1799926757812,665.6300048828125,671.3400268554688,10606800,-1.0728,1.8694,-17.168,-0.0643,0.0,0.0,0.0,0.0,0.0,0.0,0.0,0.0,0.0,0.0,0.0,0.0,0.0,0.0,0.5318,2.4092,-2.3076,-4.0687,14.4107,26.6005,1,Tuesday,18,0,0,
META,2026-04-29,668.9099731445312,674.25,663.8099975585938,669.1199951171875,18947500,-0.3307,1.5603,78.6354,-0.2284,0.0,0.0,0.0,0.0,0.0,0.0,0.0,0.0,0.0,0.0,0.0,0.0,0.0,0.0,-1.0728,0.5318,2.4092,-17.168,-4.0687,14.4107,2,Wednesday,18,0,0,
META,2026-04-30,619.3200073242188,620.8499755859375,600.0,611.9099731445312,52765000,-8.55,3.4074,178.48,-7.4552,0.0,0.0,0.0,0.0,0.0,0.0,0.0,0.0,0.0,0.0,0.0,0.0,0.0,0.0,-0.3307,-1.0728,0.5318,78.6354,-17.168,-4.0687,3,Thursday,18,0,0,
META,2026-05-01,614.6900024414062,618.8800048828125,606.1099853515625,608.75,21404000,-0.5164,2.0977,-59.4352,-6.0496,1.0,0.0,0.0,0.0,0.0,0.0,0.0,0.0,0.0,0.0,0.0,0.0,0.0,0.0,-8.55,-0.3307,-1.0728,178.48,78.6354,-17.168,4,Friday,18,0,1,
META,2026-05-04,607.9400024414062,614.0,602.75,610.4099731445312,16203900,0.2727,1.843,-24.295,-3.7673,0.0,0.0,0.0,0.0,0.0,0.0,0.0,0.0,0.0,0.0,0.0,0.0,0.0,0.0,-0.5164,-8.55,-0.3307,-59.4352,178.48,78.6354,0,Monday,19,1,0,
META,2026-05-05,613.3099975585938,614.3499755859375,600.3599853515625,604.9600219726562,17171300,-0.8928,2.3125,5.9702,-2.5876,1.0,0.0,0.0,0.0,0.0,0.0,0.0,0.0,0.0,0.0,0.0,0.0,0.0,0.0,0.2727,-0.5164,-8.55,-24.295,-59.4352,178.48,1,Tuesday,19,0,0,
META,2026-05-06,601.0499877929688,619.9500122070312,598.0999755859375,612.8800048828125,19915500,1.3092,3.5651,15.9813,0.5081,1.0,0.0,0.0,0.0,0.0,0.0,0.0,0.0,0.0,0.0,0.0,0.0,0.0,0.0,-0.8928,0.2727,-0.5164,5.9702,-24.295,-59.4352,2,Wednesday,19,0,0,
META,2026-05-07,614.719970703125,624.97998046875,613.5399780273438,616.8099975585938,12307400,0.6412,1.8547,-38.2019,0.9902,0.0,0.0,0.0,0.0,0.0,0.0,0.0,0.0,0.0,0.0,0.0,0.0,0.0,0.0,1.3092,-0.8928,0.2727,15.9813,5.9702,-24.295,3,Thursday,19,0,0,
META,2026-05-08,615.2000122070312,616.77001953125,606.0599975585938,609.6300048828125,13557000,-1.1641,1.7568,10.1532,-0.2141,0.0,0.0,0.0,0.0,0.0,0.0,0.0,0.0,0.0,0.0,0.0,0.0,0.0,0.0,0.6412,1.3092,-0.8928,-38.2019,15.9813,5.9702,4,Friday,19,0,1,
META,2026-05-11,604.5700073242188,604.9099731445312,598.0800170898438,598.8599853515625,15940600,-1.7666,1.1405,17.5821,-1.6049,1.0,-0.0017,4.0,0.25,0.25,0.7047,0.8652,0.0,0.0,0.0,0.0,0.0,0.0,0.0,-1.1641,0.6412,1.3092,10.1532,-38.2019,15.9813,0,Monday,20,1,0,0.0
META,2026-05-12,594.8200073242188,603.75,592.5999755859375,603.0,11351600,0.6913,1.8491,-28.7881,-0.8608,1.0,0.0,0.0,0.0,0.0,0.0,0.0,0.0,-0.0017,0.0,0.0,0.0,0.0,0.0,-1.7666,-1.1641,0.6412,17.5821,10.1532,-38.2019,1,Tuesday,20,0,0,1.0
META,2026-05-13,598.8300170898438,619.9000244140625,596.6599731445312,616.6300048828125,14634400,2.2604,3.7689,28.9193,1.2552,1.0,0.0,0.0,0.0,0.0,0.0,0.0,0.0,0.0,-0.0017,0.0,0.0,0.0,0.0,0.6913,-1.7666,-1.1641,-28.7881,17.5821,10.1532,2,Wednesday,20,0,0,2.0
META,2026-05-14,616.0,623.72998046875,615.0,618.4299926757812,10651200,0.2919,1.4116,-27.2181,1.4968,0.0,0.0,0.0,0.0,0.0,0.0,0.0,0.0,0.0,0.0,-0.0017,0.0,0.0,0.0,2.2604,0.6913,-1.7666,28.9193,-28.7881,17.5821,3,Thursday,20,0,0,3.0
META,2026-05-15,613.989990234375,621.2000122070312,609.3099975585938,614.22998046875,13272600,-0.6791,1.9358,24.6113,0.6555,0.0,0.0,0.0,0.0,0.0,0.0,0.0,0.0,0.0,0.0,0.0,0.0,0.0,0.0,0.2919,2.2604,0.6913,-27.2181,28.9193,-28.7881,4,Friday,20,0,1,4.0
META,2026-05-18,609.1099853515625,615.5900268554688,603.6900024414062,611.2100219726562,13772400,-0.4917,1.947,3.7657,-0.2432,0.0,0.0,0.0,0.0,0.0,0.0,0.0,0.0,0.0,0.0,0.0,0.0,0.0,0.0,-0.6791,0.2919,2.2604,24.6113,-27.2181,28.9193,0,Monday,21,1,0,7.0
META,2026-05-19,608.9199829101562,613.9299926757812,600.5499877929688,602.6099853515625,11749900,-1.4071,2.2203,-14.6852,-1.6343,1.0,0.0,0.0,0.0,0.0,0.0,0.0,0.0,0.0,0.0,0.0,0.0,0.0,0.0,-0.4917,-0.6791,0.2919,3.7657,24.6113,-27.2181,1,Tuesday,21,0,0,8.0
META,2026-05-20,600.760009765625,608.0,597.8099975585938,605.0599975585938,11329700,0.4066,1.6841,-3.5762,-0.8599,1.0,0.0,0.0,0.0,0.0,0.0,0.0,0.0,0.0,0.0,0.0,0.0,0.0,0.0,-1.4071,-0.4917,-0.6791,-14.6852,3.7657,24.6113,2,Wednesday,21,0,0,9.0
META,2026-05-21,600.0,609.5999755859375,594.8099975585938,607.3800048828125,13476100,0.3834,2.435,18.9449,-0.1181,1.0,0.0,0.0,0.0,0.0,0.0,0.0,0.0,0.0,0.0,0.0,0.0,0.0,0.0,0.4066,-1.4071,-0.4917,-3.5762,-14.6852,3.7657,3,Thursday,21,0,0,10.0
META,2026-05-22,607.8800048828125,614.8099975585938,606.9500122070312,610.260009765625,11688600,0.4742,1.288,-13.2642,0.4867,1.0,0.0,0.0,0.0,0.0,0.0,0.0,0.0,0.0,0.0,0.0,0.0,0.0,0.0,0.3834,0.4066,-1.4071,18.9449,-3.5762,-14.6852,4,Friday,21,0,1,11.0
META,2026-05-26,608.8900146484375,614.469970703125,605.2999877929688,612.3400268554688,12234200,0.3408,1.4975,4.6678,0.7917,1.0,0.0,0.0,0.0,0.0,0.0,0.0,0.0,0.0,0.0,0.0,0.0,0.0,0.0,0.4742,0.3834,0.4066,-13.2642,18.9449,-3.5762,1,Tuesday,22,0,0,15.0
META,2026-05-27,609.4000244140625,638.5,609.0,635.260009765625,23143600,3.743,4.6438,89.1713,3.4524,1.0,0.0,0.0,0.0,0.0,0.0,0.0,0.0,0.0,0.0,0.0,0.0,0.0,0.0,0.3408,0.4742,0.3834,4.6678,-13.2642,18.9449,2,Wednesday,22,0,0,16.0
META,2026-05-28,639.5,643.0,629.3099975585938,635.2899780273438,16772400,0.0047,2.1549,-27.529,2.4486,0.0,0.0,0.0,0.0,0.0,0.0,0.0,0.0,0.0,0.0,0.0,0.0,0.0,0.0,3.743,0.3408,0.4742,89.1713,4.6678,-13.2642,3,Thursday,22,0,0,17.0
META,2026-05-29,633.5,634.5,623.3499755859375,632.510009765625,19806500,-0.4376,1.7628,18.0898,1.1802,0.0,0.0,0.0,0.0,0.0,0.0,0.0,0.0,0.0,0.0,0.0,0.0,0.0,0.0,0.0047,3.743,0.3408,-27.529,89.1713,4.6678,4,Friday,22,0,1,18.0
META,2026-06-01,630.4000244140625,635.75,599.530029296875,600.469970703125,29138800,-5.0655,6.0319,47.1174,-3.6433,0.0,0.0,0.0,0.0,0.0,0.0,0.0,0.0,0.0,0.0,0.0,0.0,0.0,0.0,-0.4376,0.0047,3.743,18.0898,-27.529,89.1713,0,Monday,23,1,0,21.0
META,2026-06-02,603.239990234375,608.8800048828125,596.6799926757812,597.6300048828125,18252000,-0.473,2.0414,-37.3619,-3.6441,1.0,0.0,0.0,0.0,0.0,0.0,0.0,0.0,0.0,0.0,0.0,0.0,0.0,0.0,-5.0655,-0.4376,0.0047,47.1174,18.0898,-27.529,1,Tuesday,23,0,0,22.0
META,2026-06-03,603.0,624.1500244140625,600.27001953125,622.97998046875,23020100,4.2418,3.8332,26.1237,0.8424,1.0,0.0,0.0,0.0,0.0,0.0,0.0,0.0,0.0,0.0,0.0,0.0,0.0,0.0,-0.473,-5.0655,-0.4376,-37.3619,47.1174,18.0898,2,Wednesday,23,0,0,23.0
META,2026-06-04,623.6699829101562,642.4000244140625,622.4299926757812,627.5700073242188,21469200,0.7368,3.1821,-6.7372,1.8399,0.0,0.0,0.0,0.0,0.0,0.0,0.0,0.0,0.0,0.0,0.0,0.0,0.0,0.0,4.2418,-0.473,-5.0655,26.1237,-37.3619,47.1174,3,Thursday,23,0,0,24.0
MSFT,2026-04-13,372.8025510733858,383.70895264062807,370.2181521550117,383.539306640625,35745800,,3.5174,,0.0,1.0,0.0,0.0,0.0,0.0,0.0,0.0,0.0,,,,,,,,,,,,,0,Monday,16,1,0,
MSFT,2026-04-14,387.0816509997633,393.83700889302276,385.684652281273,392.2604064941406,37504500,2.2738,2.0783,4.92,1.1241,1.0,0.0,0.0,0.0,0.0,0.0,0.0,0.0,0.0,,,0.0,,,,,,,,,1,Tuesday,16,0,0,
MSFT,2026-04-15,397.1398382929036,413.47445440771634,395.8725939925935,410.3312683105469,45063400,4.6069,4.2897,20.1546,3.7823,1.0,0.0,0.0,0.0,0.0,0.0,0.0,0.0,0.0,0.0,,0.0,0.0,,2.2738,,,4.92,,,2,Wednesday,16,0,0,
MSFT,2026-04-16,418.95258572248235,419.9105328997013,411.2492993874727,419.35174560546875,41642400,2.1983,2.0654,-7.5915,4.4799,1.0,0.0,0.0,0.0,0.0,0.0,0.0,0.0,0.0,0.0,0.0,0.0,0.0,0.0,4.6069,2.2738,,20.1546,4.92,,3,Thursday,16,0,0,
MSFT,2026-04-17,423.9018933176335,430.64726300981,419.78081413338697,421.87628173828125,48568200,0.602,2.5757,16.6316,4.0458,0.0,0.0,0.0,0.0,0.0,0.0,0.0,0.0,0.0,0.0,0.0,0.0,0.0,0.0,2.1983,4.6069,2.2738,-7.5915,20.1546,4.92,4,Friday,16,0,1,
MSFT,2026-04-20,420.2398034863272,422.4150847565369,415.40027922801784,417.1664733886719,27582200,-1.1164,1.6815,-43.2093,1.2055,1.0,0.0,0.0,0.0,0.0,0.0,0.0,0.0,0.0,0.0,0.0,0.0,0.0,0.0,0.602,2.1983,4.6069,16.6316,-7.5915,20.1546,0,Monday,17,1,0,
MSFT,2026-04-21,419.33177508554746,426.25677891783357,416.2983670043314,423.2433166503906,32048500,1.4567,2.3529,16.1927,1.1591,1.0,0.0,0.0,0.0,0.0,0.0,0.0,0.0,0.0,0.0,0.0,0.0,0.0,0.0,-1.1164,0.602,2.1983,-43.2093,16.6316,-7.5915,1,Tuesday,17,0,0,
MSFT,2026-04-22,425.2689090952171,432.7626880248645,422.7543663498755,431.984375,29378200,2.0653,2.3168,-8.3321,2.1905,0.0,0.0,0.0,0.0,0.0,0.0,0.0,0.0,0.0,0.0,0.0,0.0,0.0,0.0,1.4567,-1.1164,0.602,16.1927,-43.2093,16.6316,2,Wednesday,17,0,0,
MSFT,2026-04-23,418.9825380949446,422.7443793162959,410.5208543154444,414.8514709472656,38308000,-3.9661,2.9465,30.396,-1.653,1.0,0.0,0.0,0.0,0.0,0.0,0.0,0.0,0.0,0.0,0.0,0.0,0.0,0.0,2.0653,1.4567,-1.1164,-8.3321,16.1927,-43.2093,3,Thursday,17,0,0,
MSFT,2026-04-24,416.0688403922519,424.0316048781353,414.9013556123021,423.7023010253906,27457400,2.1335,2.1549,-28.3246,0.3583,1.0,0.0,0.0,0.0,0.0,0.0,0.0,0.0,0.0,0.0,0.0,0.0,0.0,0.0,-3.9661,2.0653,1.4567,30.396,-8.3321,16.1927,4,Friday,17,0,1,
MSFT,2026-04-27,421.46715688013995,426.1869149113369,416.1686352924954,423.9018859863281,30867300,0.0471,2.3633,12.4189,0.0862,1.0,0.0,0.0,0.0,0.0,0.0,0.0,0.0,0.0,0.0,0.0,0.0,0.0,0.0,2.1335,-3.9661,2.0653,-28.3246,30.396,-8.3321,0,Monday,18,1,0,
MSFT,2026-04-28,423.6524179624475,428.99086152362304,420.9881750222059,428.3222961425781,30438100,1.0428,1.8684,-1.3905,0.888,0.0,0.0,0.0,0.0,0.0,0.0,0.0,0.0,0.0,0.0,0.0,0.0,0.0,0.0,0.0471,2.1335,-3.9661,12.4189,-28.3246,30.396,1,Tuesday,18,0,0,
MSFT,2026-04-29,423.6623688360089,425.8975483734993,419.38166246548025,423.5426330566406,38288300,-1.1159,1.5384,25.7907,0.1605,0.0,0.0,0.0,0.0,0.0,0.0,0.0,0.0,0.0,0.0,0.0,0.0,0.0,0.0,1.0428,0.0471,2.1335,-1.3905,12.4189,-28.3246,2,Wednesday,18,0,0,
MSFT,2026-04-30,409.92216255995794,413.5243765293071,397.1498378648014,406.8987121582031,70909400,-3.9297,4.0242,85.1986,-3.4122,1.0,0.0,0.0,0.0,0.0,0.0,0.0,0.0,0.0,0.0,0.0,0.0,0.0,0.0,-1.1159,1.0428,0.0471,25.7907,-1.3905,12.4189,3,Thursday,18,0,0,
MSFT,2026-05-01,411.9078412872606,416.2085240460113,409.5529563541748,413.5443115234375,31372400,1.6332,1.6094,-55.7571,-1.359,0.0,0.0,0.0,0.0,0.0,0.0,0.0,0.0,0.0,0.0,0.0,0.0,0.0,0.0,-3.9297,-1.1159,1.0428,85.1986,25.7907,-1.3905,4,Friday,18,0,1,
MSFT,2026-05-04,410.6505829404435,419.87060358807366,409.91216153093814,412.72607421875,28066500,-0.1979,2.4128,-10.5376,-1.0265,0.0,0.0,0.0,0.0,0.0,0.0,0.0,0.0,0.0,0.0,0.0,0.0,0.0,0.0,1.6332,-3.9297,-1.1159,-55.7571,85.1986,25.7907,0,Monday,19,1,0,
MSFT,2026-05-05,414.42242364358015,415.8792597859335,407.916495085617,410.4909362792969,25700900,-0.5416,1.9398,-8.4286,-0.7134,1.0,0.0,0.0,0.0,0.0,0.0,0.0,0.0,0.0,0.0,0.0,0.0,0.0,0.0,-0.1979,1.6332,-3.9297,-10.5376,-55.7571,85.1986,1,Tuesday,19,0,0,
MSFT,2026-05-06,407.11822745622237,417.51572107575487,404.23445872829495,413.0653381347656,30285900,0.6272,3.2153,17.8398,0.4182,1.0,0.0,0.0,0.0,0.0,0.0,0.0,0.0,0.0,0.0,0.0,0.0,0.0,0.0,-0.5416,-0.1979,1.6332,-8.4286,-10.5376,-55.7571,2,Wednesday,19,0,0,
MSFT,2026-05-07,419.2020489501835,427.05506598481406,417.8549909144547,419.8606262207031,34942400,1.6451,2.1912,15.3751,1.4309,0.0,0.0,0.0,0.0,0.0,0.0,0.0,0.0,0.0,0.0,0.0,0.0,0.0,0.0,0.6272,-0.5416,-0.1979,17.8398,-8.4286,-10.5376,3,Thursday,19,0,0,
MSFT,2026-05-08,416.48795292910256,417.7252633012779,413.105264767488,414.22283935546875,33383800,-1.3428,1.1153,-4.4605,0.0361,0.0,0.0,0.0,0.0,0.0,0.0,0.0,0.0,0.0,0.0,0.0,0.0,0.0,0.0,1.6451,0.6272,-0.5416,15.3751,17.8398,-8.4286,4,Friday,19,0,1,
MSFT,2026-05-11,406.9885016374445,411.79809190456297,404.6236285818644,411.7681579589844,35657900,-0.5926,1.7424,6.812,-0.5106,0.0,-0.4491,2.0,0.0,0.5,0.6351,0.8822,0.0,0.0,0.0,0.0,0.0,0.0,0.0,-1.3428,1.6451,0.6272,-4.4605,15.3751,17.8398,0,Monday,20,1,0,0.0
MSFT,2026-05-12,413.58422243338293,414.6020070114768,405.76117016707224,406.8887023925781,38594200,-1.185,2.1728,8.2346,-1.5182,0.0,0.0,0.0,0.0,0.0,0.0,0.0,0.0,-0.4491,0.0,0.0,0.0,0.0,0.0,-0.5926,-1.3428,1.6451,6.812,-4.4605,15.3751,1,Tuesday,20,0,0,1.0
MSFT,2026-05-13,402.3286237155428,405.4318878236479,400.1633000811369,404.3342590332031,29667100,-0.6278,1.303,-23.1307,-1.7211,1.0,0.0,0.0,0.0,0.0,0.0,0.0,0.0,0.0,-0.4491,0.0,0.0,0.0,0.0,-1.185,-0.5926,-1.3428,8.2346,6.812,-4.4605,2,Wednesday,20,0,0,2.0
MSFT,2026-05-14,403.6058516736889,410.94993067744383,400.013625877668,408.5451354980469,27077500,1.0414,2.6769,-8.7289,-0.1483,1.0,0.0,0.0,0.0,0.0,0.0,0.0,0.0,0.0,0.0,-0.4491,0.0,0.0,0.0,-0.6278,-1.185,-0.5926,-23.1307,8.2346,6.812,3,Thursday,20,0,0,3.0
MSFT,2026-05-15,413.3746572242232,427.24464052002446,412.01761111071977,421.0081481933594,50771200,3.0506,3.6168,87.5033,2.5576,1.0,0.0,0.0,0.0,0.0,0.0,0.0,0.0,0.0,0.0,0.0,0.0,0.0,0.0,1.0414,-0.6278,-1.185,-8.7289,-23.1307,8.2346,4,Friday,20,0,1,4.0
MSFT,2026-05-18,415.71960624154525,424.2012362508279,414.7117792841577,422.6246643066406,32564100,0.384,2.2454,-35.8611,2.4097,0.0,0.0,0.0,0.0,0.0,0.0,0.0,0.0,0.0,0.0,0.0,0.0,0.0,0.0,3.0506,1.0414,-0.6278,87.5033,-8.7289,-23.1307,0,Monday,21,1,0,7.0
MSFT,2026-05-19,428.9708919761278,431.7648588737268,415.58987007798993,416.51788330078125,33018700,-1.445,3.8834,1.396,0.4611,1.0,0.0,0.0,0.0,0.0,0.0,0.0,0.0,0.0,0.0,0.0,0.0,0.0,0.0,0.384,3.0506,1.0414,-35.8611,87.5033,-8.7289,1,Tuesday,21,0,0,8.0
MSFT,2026-05-20,413.2749005432513,421.18775475321456,410.4110776678385,420.1499938964844,27864000,0.872,2.565,-15.6115,0.5699,0.0,0.0,0.0,0.0,0.0,0.0,0.0,0.0,0.0,0.0,0.0,0.0,0.0,0.0,-1.445,0.384,3.0506,1.396,-35.8611,87.5033,2,Wednesday,21,0,0,9.0
MSFT,2026-05-21,424.75,426.3399963378906,415.7099914550781,419.0899963378906,31393500,-0.2523,2.5364,12.6669,-0.1877,0.0,0.0,0.0,0.0,0.0,0.0,0.0,0.0,0.0,0.0,0.0,0.0,0.0,0.0,0.872,-1.445,0.384,-15.6115,1.396,-35.8611,3,Thursday,21,0,0,10.0
MSFT,2026-05-22,419.5400085449219,424.3999938964844,416.3299865722656,418.57000732421875,22390300,-0.1241,1.928,-28.6785,-0.1956,0.0,0.0,0.0,0.0,0.0,0.0,0.0,0.0,0.0,0.0,0.0,0.0,0.0,0.0,-0.2523,0.872,-1.445,12.6669,-15.6115,1.396,4,Friday,21,0,1,11.0
MSFT,2026-05-26,416.42999267578125,419.7699890136719,413.0199890136719,416.0299987792969,30398000,-0.6068,1.6225,35.7641,-0.4883,0.0,0.0,0.0,0.0,0.0,0.0,0.0,0.0,0.0,0.0,0.0,0.0,0.0,0.0,-0.1241,-0.2523,0.872,-28.6785,12.6669,-15.6115,1,Tuesday,22,0,0,15.0
MSFT,2026-05-27,411.010009765625,415.94000244140625,409.5799865722656,412.6700134277344,28901500,-0.8076,1.5412,-4.923,-1.11,1.0,0.0,0.0,0.0,0.0,0.0,0.0,0.0,0.0,0.0,0.0,0.0,0.0,0.0,-0.6068,-0.1241,-0.2523,35.7641,-28.6785,12.6669,2,Wednesday,22,0,0,16.0
MSFT,2026-05-28,412.9800109863281,429.489990234375,412.6700134277344,426.989990234375,47250500,3.4701,3.9392,63.4881,1.9872,1.0,0.0,0.0,0.0,0.0,0.0,0.0,0.0,0.0,0.0,0.0,0.0,0.0,0.0,-0.8076,-0.6068,-0.1241,-4.923,35.7641,-28.6785,3,Thursday,22,0,0,17.0
MSFT,2026-05-29,432.54998779296875,450.3299865722656,432.3599853515625,450.239990234375,79654400,5.4451,3.9912,68.579,5.9638,1.0,0.0,0.0,0.0,0.0,0.0,0.0,0.0,0.0,0.0,0.0,0.0,0.0,0.0,3.4701,-0.8076,-0.6068,63.4881,-4.923,35.7641,4,Friday,22,0,1,18.0
MSFT,2026-06-01,464.8399963378906,466.32000732421875,458.2699890136719,460.5199890136719,53628900,2.2832,1.748,-32.673,6.2845,0.0,0.0,0.0,0.0,0.0,0.0,0.0,0.0,0.0,0.0,0.0,0.0,0.0,0.0,5.4451,3.4701,-0.8076,68.579,63.4881,-4.923,0,Monday,23,1,0,21.0
MSFT,2026-06-02,446.8800048828125,453.5,440.42999267578125,441.30999755859375,37036800,-4.1714,2.9616,-30.9387,0.6762,0.0,0.0,0.0,0.0,0.0,0.0,0.0,0.0,0.0,0.0,0.0,0.0,0.0,0.0,2.2832,5.4451,3.4701,-32.673,68.579,63.4881,1,Tuesday,23,0,0,22.0
MSFT,2026-06-03,438.45001220703125,440.3900146484375,424.25,427.3399963378906,39037000,-3.1656,3.7769,5.4006,-3.159,1.0,0.0,0.0,0.0,0.0,0.0,0.0,0.0,0.0,0.0,0.0,0.0,0.0,0.0,-4.1714,2.2832,5.4451,-30.9387,-32.673,68.579,2,Wednesday,23,0,0,23.0
MSFT,2026-06-04,435.80999755859375,436.1499938964844,426.4100036621094,428.04998779296875,26899500,0.1661,2.2754,-31.0923,-3.0447,0.0,0.0,0.0,0.0,0.0,0.0,0.0,0.0,0.0,0.0,0.0,0.0,0.0,0.0,-3.1656,-4.1714,2.2832,5.4006,-30.9387,-32.673,3,Thursday,23,0,0,24.0
